Workbook

Sheet 使い方
A1: 代理店アクション管理シート 使い方（税務キーパー株式会社）
A2: 代理店とのコミュニケーションを切らさず、紹介を継続的に生み出すための管理シートです。
B4: ■ シート構成
B5: 代理店一覧 | C5: 代理店ごとの最終接触日・次回アクション・紹介実績・稼働判定を1画面で確認するダッシュボード。
B6: アクションログ | C6: 代理店との接触（電話・訪問・メール等）を1件1行で記録。次回アクションと予定日を必ず入れる。
B7: 月次実績 | C7: 代理店別の紹介リード数・案件化数・成約数・金額を月末に記録（kintoneから転記）。
B8: 月次サマリー | C8: 年度の月別推移（稼働代理店数・接触件数・紹介数・成約数）を自動集計。
B9: 定例アクション計画 | C9: 週次・月次・四半期で行う代理店向けアクションの一覧（運用例）。
B10: 設定 | C10: ランクごとの接触頻度、稼働判定の基準、プルダウンの選択肢を管理。
B12: ■ 色のルール
B13: 黄色の見出し | C13: 入力する列。
B14: 灰色の見出し | C14: 自動計算の列（数式が入っているので上書きしない）。
B15: 青字の行 | C15: サンプル（記入例）。確認したら削除してください。
B17: ■ 運用の流れ
B18: ① 代理店を登録 | C18: 『代理店一覧』に代理店ID・名前・自社担当・ランクを入力。代理店IDはkintone『マスタ｜代理店管理』と同じIDを使う。
B19: ② 接触したら記録 | C19: 『アクションログ』に1行追加。次回アクションと次回予定日を入れる（代理店一覧の「次回アクション」に表示される）。
B20: ③ 実施したら完了 | C20: 次回アクションを実施したら、そのログ行の「完了」を「済」にし、新しい接触として1行追加。
B21: ④ 毎週月曜に確認 | C21: 『代理店一覧』の「接触ステータス」でフィルタ。期限超過（赤）→今週連絡（黄）→未接触（橙）の順に連絡。
B22: ⑤ 月末に実績入力 | C22: 『月次実績』に代理店別の紹介・成約数を入力。「稼働判定」と『月次サマリー』が更新される。
B23: ⑥ 半期ごとに見直し | C23: 紹介実績をもとにランクを見直し、接触頻度と打ち手を調整する。
B25: ■ 自動判定の意味
B26: 接触ステータス | C26: 期限超過＝ランクごとの接触頻度を過ぎた／今週連絡＝期限まで設定日数以内／未接触＝ログがない／OK＝期限まで余裕あり。
B27: 稼働判定 | C27: 直近の対象期間（初期値3ヶ月）の紹介数が基準以上＝稼働中、1件以上＝低稼働、0件＝休眠。基準は『設定』で変更可。
B28: 次回アクション | C28: そのIDの未完了ログのうち、次回予定日が最も早いものを表示。

Sheet 代理店一覧
A1: 代理店一覧（アクション状況ダッシュボード）
A2: 黄色見出し＝入力／灰色見出し＝自動計算。毎週「接触ステータス」でフィルタし、期限超過・今週連絡の代理店から連絡してください。
A4: 代理店ID | B4: 代理店名 | C4: 代理店側担当者 | D4: 連絡先 | E4: 自社担当 | F4: ランク | G4: 契約締結日 | H4: 得意領域・顧客層 | I4: 最終接触日 | J4: 経過日数 | K4: 接触頻度（日） | L4: 次回接触期限 | M4: 接触ステータス | N4: 次回アクション予定日 | O4: 次回アクション内容 | P4: 今月の接触回数 | Q4: 直近期間の紹介数 | R4: 累計紹介数 | S4: 累計成約数 | T4: 成約率 | U4: 累計成約金額（円） | V4: 稼働判定 | W4: メモ・関係性
A5: AG-001 | B5: 【サンプル】山田会計事務所 | C5: 山田 太郎 | D5: 03-0000-0001 | E5: 担当者A | F5: S | G5: 45931 | H5: 中小企業の法人顧問・節税相談 | I5: =IF($A5="","",IF(_xlfn.MAXIFS(アクションログ!$A$5:$A$2004,アクションログ!$B$5:$B$2004,$A5)=0,"",_xlfn.MAXIFS(アクションログ!$A$5:$A$2004,アクションログ!$B$5:$B$2004,$A5))) -> 46275 | J5: =IF(OR($A5="",I5=""),"",設定!$C$4-I5) -> 16 | K5: =IF($A5="","",IFERROR(INDEX(設定!$D$14:$D$17,MATCH(F5,設定!$B$14:$B$17,0)),"")) -> 7 | L5: =IF(OR($A5="",K5=""),"",IF(I5="",設定!$C$4,I5+K5)) -> 46282 | M5: =IF($A5="","",IF(F5="","ランク未設定",IF(I5="","未接触",IF(設定!$C$4>L5,"期限超過",IF(L5-設定!$C$4<=設定!$C$8,"今週連絡","OK"))))) -> 期限超過 | N5: =IF($A5="","",IF(_xlfn.MINIFS(アクションログ!$J$5:$J$2004,アクションログ!$B$5:$B$2004,$A5,アクションログ!$K$5:$K$2004,"<>済",アクションログ!$J$5:$J$2004,">0")=0,"",_xlfn.MINIFS(アクションログ!$J$5:$J$2004,アクションログ!$B$5:$B$2004,$A5,アクションログ!$K$5:$K$2004,"<>済",アクションログ!$J$5:$J$2004,">0"))) -> 46295 | O5: =IF(N5="","",IFERROR(INDEX(アクションログ!$I$5:$I$2004,MATCH($A5&"|"&N5,アクションログ!$L$5:$L$2004,0)),"")) -> 提案結果の報告と次の紹介依頼 | P5: =IF($A5="","",COUNTIFS(アクションログ!$B$5:$B$2004,$A5,アクションログ!$A$5:$A$2004,">="&設定!$C$5)) -> 2 | Q5: =IF($A5="","",SUMIFS(月次実績!$D$5:$D$3004,月次実績!$B$5:$B$3004,$A5,月次実績!$A$5:$A$3004,">="&EDATE(設定!$C$5,-(設定!$C$6-1)))) -> 9 | R5: =IF($A5="","",SUMIFS(月次実績!$D$5:$D$3004,月次実績!$B$5:$B$3004,$A5)) -> 9 | S5: =IF($A5="","",SUMIFS(月次実績!$F$5:$F$3004,月次実績!$B$5:$B$3004,$A5)) -> 3 | T5: =IF(OR($A5="",R5=0),"",S5/R5) -> 0.33333333 | U5: =IF($A5="","",SUMIFS(月次実績!$G$5:$G$3004,月次実績!$B$5:$B$3004,$A5)) -> 1700000 | V5: =IF($A5="","",IF(Q5>=設定!$C$7,"稼働中",IF(Q5>=1,"低稼働","休眠"))) -> 稼働中 | W5: 紹介が多い重点先。月1訪問を継続
A6: AG-002 | B6: 【サンプル】みらい保険サービス | C6: 佐藤 花子 | D6: sato@example.com | E6: 担当者B | F6: A | G6: 46068 | H6: 経営者向け保険・資金繰り相談 | I6: =IF($A6="","",IF(_xlfn.MAXIFS(アクションログ!$A$5:$A$2004,アクションログ!$B$5:$B$2004,$A6)=0,"",_xlfn.MAXIFS(アクションログ!$A$5:$A$2004,アクションログ!$B$5:$B$2004,$A6))) -> 46277 | J6: =IF(OR($A6="",I6=""),"",設定!$C$4-I6) -> 14 | K6: =IF($A6="","",IFERROR(INDEX(設定!$D$14:$D$17,MATCH(F6,設定!$B$14:$B$17,0)),"")) -> 14 | L6: =IF(OR($A6="",K6=""),"",IF(I6="",設定!$C$4,I6+K6)) -> 46291 | M6: =IF($A6="","",IF(F6="","ランク未設定",IF(I6="","未接触",IF(設定!$C$4>L6,"期限超過",IF(L6-設定!$C$4<=設定!$C$8,"今週連絡","OK"))))) -> 今週連絡 | N6: =IF($A6="","",IF(_xlfn.MINIFS(アクションログ!$J$5:$J$2004,アクションログ!$B$5:$B$2004,$A6,アクションログ!$K$5:$K$2004,"<>済",アクションログ!$J$5:$J$2004,">0")=0,"",_xlfn.MINIFS(アクションログ!$J$5:$J$2004,アクションログ!$B$5:$B$2004,$A6,アクションログ!$K$5:$K$2004,"<>済",アクションログ!$J$5:$J$2004,">0"))) -> 46289 | O6: =IF(N6="","",IFERROR(INDEX(アクションログ!$I$5:$I$2004,MATCH($A6&"|"&N6,アクションログ!$L$5:$L$2004,0)),"")) -> 資料の反応を電話で確認 | P6: =IF($A6="","",COUNTIFS(アクションログ!$B$5:$B$2004,$A6,アクションログ!$A$5:$A$2004,">="&設定!$C$5)) -> 2 | Q6: =IF($A6="","",SUMIFS(月次実績!$D$5:$D$3004,月次実績!$B$5:$B$3004,$A6,月次実績!$A$5:$A$3004,">="&EDATE(設定!$C$5,-(設定!$C$6-1)))) -> 2 | R6: =IF($A6="","",SUMIFS(月次実績!$D$5:$D$3004,月次実績!$B$5:$B$3004,$A6)) -> 2 | S6: =IF($A6="","",SUMIFS(月次実績!$F$5:$F$3004,月次実績!$B$5:$B$3004,$A6)) -> 0 | T6: =IF(OR($A6="",R6=0),"",S6/R6) -> 0 | U6: =IF($A6="","",SUMIFS(月次実績!$G$5:$G$3004,月次実績!$B$5:$B$3004,$A6)) -> 0 | V6: =IF($A6="","",IF(Q6>=設定!$C$7,"稼働中",IF(Q6>=1,"低稼働","休眠"))) -> 低稼働
A7: AG-003 | B7: 【サンプル】中央ビジネスコンサル | C7: 鈴木 一郎 | D7: 090-0000-0003 | E7: 担当者A | F7: C | G7: 46174 | H7: 創業支援・補助金 | I7: =IF($A7="","",IF(_xlfn.MAXIFS(アクションログ!$A$5:$A$2004,アクションログ!$B$5:$B$2004,$A7)=0,"",_xlfn.MAXIFS(アクションログ!$A$5:$A$2004,アクションログ!$B$5:$B$2004,$A7))) -> 46223 | J7: =IF(OR($A7="",I7=""),"",設定!$C$4-I7) -> 68 | K7: =IF($A7="","",IFERROR(INDEX(設定!$D$14:$D$17,MATCH(F7,設定!$B$14:$B$17,0)),"")) -> 30 | L7: =IF(OR($A7="",K7=""),"",IF(I7="",設定!$C$4,I7+K7)) -> 46253 | M7: =IF($A7="","",IF(F7="","ランク未設定",IF(I7="","未接触",IF(設定!$C$4>L7,"期限超過",IF(L7-設定!$C$4<=設定!$C$8,"今週連絡","OK"))))) -> 期限超過 | N7: =IF($A7="","",IF(_xlfn.MINIFS(アクションログ!$J$5:$J$2004,アクションログ!$B$5:$B$2004,$A7,アクションログ!$K$5:$K$2004,"<>済",アクションログ!$J$5:$J$2004,">0")=0,"",_xlfn.MINIFS(アクションログ!$J$5:$J$2004,アクションログ!$B$5:$B$2004,$A7,アクションログ!$K$5:$K$2004,"<>済",アクションログ!$J$5:$J$2004,">0"))) -> 46254 | O7: =IF(N7="","",IFERROR(INDEX(アクションログ!$I$5:$I$2004,MATCH($A7&"|"&N7,アクションログ!$L$5:$L$2004,0)),"")) -> 紹介しやすい顧客像を一緒に洗い出す | P7: =IF($A7="","",COUNTIFS(アクションログ!$B$5:$B$2004,$A7,アクションログ!$A$5:$A$2004,">="&設定!$C$5)) -> 0 | Q7: =IF($A7="","",SUMIFS(月次実績!$D$5:$D$3004,月次実績!$B$5:$B$3004,$A7,月次実績!$A$5:$A$3004,">="&EDATE(設定!$C$5,-(設定!$C$6-1)))) -> 0 | R7: =IF($A7="","",SUMIFS(月次実績!$D$5:$D$3004,月次実績!$B$5:$B$3004,$A7)) -> 0 | S7: =IF($A7="","",SUMIFS(月次実績!$F$5:$F$3004,月次実績!$B$5:$B$3004,$A7)) -> 0 | T7: =IF(OR($A7="",R7=0),"",S7/R7) | U7: =IF($A7="","",SUMIFS(月次実績!$G$5:$G$3004,月次実績!$B$5:$B$3004,$A7)) -> 0 | V7: =IF($A7="","",IF(Q7>=設定!$C$7,"稼働中",IF(Q7>=1,"低稼働","休眠"))) -> 休眠 | W7: 契約後まだ紹介なし。勉強会で立上げ支援
I8: =IF($A8="","",IF(_xlfn.MAXIFS(アクションログ!$A$5:$A$2004,アクションログ!$B$5:$B$2004,$A8)=0,"",_xlfn.MAXIFS(アクションログ!$A$5:$A$2004,アクションログ!$B$5:$B$2004,$A8))) | J8: =IF(OR($A8="",I8=""),"",設定!$C$4-I8) | K8: =IF($A8="","",IFERROR(INDEX(設定!$D$14:$D$17,MATCH(F8,設定!$B$14:$B$17,0)),"")) | L8: =IF(OR($A8="",K8=""),"",IF(I8="",設定!$C$4,I8+K8)) | M8: =IF($A8="","",IF(F8="","ランク未設定",IF(I8="","未接触",IF(設定!$C$4>L8,"期限超過",IF(L8-設定!$C$4<=設定!$C$8,"今週連絡","OK"))))) | N8: =IF($A8="","",IF(_xlfn.MINIFS(アクションログ!$J$5:$J$2004,アクションログ!$B$5:$B$2004,$A8,アクションログ!$K$5:$K$2004,"<>済",アクションログ!$J$5:$J$2004,">0")=0,"",_xlfn.MINIFS(アクションログ!$J$5:$J$2004,アクションログ!$B$5:$B$2004,$A8,アクションログ!$K$5:$K$2004,"<>済",アクションログ!$J$5:$J$2004,">0"))) | O8: =IF(N8="","",IFERROR(INDEX(アクションログ!$I$5:$I$2004,MATCH($A8&"|"&N8,アクションログ!$L$5:$L$2004,0)),"")) | P8: =IF($A8="","",COUNTIFS(アクションログ!$B$5:$B$2004,$A8,アクションログ!$A$5:$A$2004,">="&設定!$C$5)) | Q8: =IF($A8="","",SUMIFS(月次実績!$D$5:$D$3004,月次実績!$B$5:$B$3004,$A8,月次実績!$A$5:$A$3004,">="&EDATE(設定!$C$5,-(設定!$C$6-1)))) | R8: =IF($A8="","",SUMIFS(月次実績!$D$5:$D$3004,月次実績!$B$5:$B$3004,$A8)) | S8: =IF($A8="","",SUMIFS(月次実績!$F$5:$F$3004,月次実績!$B$5:$B$3004,$A8)) | T8: =IF(OR($A8="",R8=0),"",S8/R8) | U8: =IF($A8="","",SUMIFS(月次実績!$G$5:$G$3004,月次実績!$B$5:$B$3004,$A8)) | V8: =IF($A8="","",IF(Q8>=設定!$C$7,"稼働中",IF(Q8>=1,"低稼働","休眠")))
I9: =IF($A9="","",IF(_xlfn.MAXIFS(アクションログ!$A$5:$A$2004,アクションログ!$B$5:$B$2004,$A9)=0,"",_xlfn.MAXIFS(アクションログ!$A$5:$A$2004,アクションログ!$B$5:$B$2004,$A9))) | J9: =IF(OR($A9="",I9=""),"",設定!$C$4-I9) | K9: =IF($A9="","",IFERROR(INDEX(設定!$D$14:$D$17,MATCH(F9,設定!$B$14:$B$17,0)),"")) | L9: =IF(OR($A9="",K9=""),"",IF(I9="",設定!$C$4,I9+K9)) | M9: =IF($A9="","",IF(F9="","ランク未設定",IF(I9="","未接触",IF(設定!$C$4>L9,"期限超過",IF(L9-設定!$C$4<=設定!$C$8,"今週連絡","OK"))))) | N9: =IF($A9="","",IF(_xlfn.MINIFS(アクションログ!$J$5:$J$2004,アクションログ!$B$5:$B$2004,$A9,アクションログ!$K$5:$K$2004,"<>済",アクションログ!$J$5:$J$2004,">0")=0,"",_xlfn.MINIFS(アクションログ!$J$5:$J$2004,アクションログ!$B$5:$B$2004,$A9,アクションログ!$K$5:$K$2004,"<>済",アクションログ!$J$5:$J$2004,">0"))) | O9: =IF(N9="","",IFERROR(INDEX(アクションログ!$I$5:$I$2004,MATCH($A9&"|"&N9,アクションログ!$L$5:$L$2004,0)),"")) | P9: =IF($A9="","",COUNTIFS(アクションログ!$B$5:$B$2004,$A9,アクションログ!$A$5:$A$2004,">="&設定!$C$5)) | Q9: =IF($A9="","",SUMIFS(月次実績!$D$5:$D$3004,月次実績!$B$5:$B$3004,$A9,月次実績!$A$5:$A$3004,">="&EDATE(設定!$C$5,-(設定!$C$6-1)))) | R9: =IF($A9="","",SUMIFS(月次実績!$D$5:$D$3004,月次実績!$B$5:$B$3004,$A9)) | S9: =IF($A9="","",SUMIFS(月次実績!$F$5:$F$3004,月次実績!$B$5:$B$3004,$A9)) | T9: =IF(OR($A9="",R9=0),"",S9/R9) | U9: =IF($A9="","",SUMIFS(月次実績!$G$5:$G$3004,月次実績!$B$5:$B$3004,$A9)) | V9: =IF($A9="","",IF(Q9>=設定!$C$7,"稼働中",IF(Q9>=1,"低稼働","休眠")))
I10: =IF($A10="","",IF(_xlfn.MAXIFS(アクションログ!$A$5:$A$2004,アクションログ!$B$5:$B$2004,$A10)=0,"",_xlfn.MAXIFS(アクションログ!$A$5:$A$2004,アクションログ!$B$5:$B$2004,$A10))) | J10: =IF(OR($A10="",I10=""),"",設定!$C$4-I10) | K10: =IF($A10="","",IFERROR(INDEX(設定!$D$14:$D$17,MATCH(F10,設定!$B$14:$B$17,0)),"")) | L10: =IF(OR($A10="",K10=""),"",IF(I10="",設定!$C$4,I10+K10)) | M10: =IF($A10="","",IF(F10="","ランク未設定",IF(I10="","未接触",IF(設定!$C$4>L10,"期限超過",IF(L10-設定!$C$4<=設定!$C$8,"今週連絡","OK"))))) | N10: =IF($A10="","",IF(_xlfn.MINIFS(アクションログ!$J$5:$J$2004,アクションログ!$B$5:$B$2004,$A10,アクションログ!$K$5:$K$2004,"<>済",アクションログ!$J$5:$J$2004,">0")=0,"",_xlfn.MINIFS(アクションログ!$J$5:$J$2004,アクションログ!$B$5:$B$2004,$A10,アクションログ!$K$5:$K$2004,"<>済",アクションログ!$J$5:$J$2004,">0"))) | O10: =IF(N10="","",IFERROR(INDEX(アクションログ!$I$5:$I$2004,MATCH($A10&"|"&N10,アクションログ!$L$5:$L$2004,0)),"")) | P10: =IF($A10="","",COUNTIFS(アクションログ!$B$5:$B$2004,$A10,アクションログ!$A$5:$A$2004,">="&設定!$C$5)) | Q10: =IF($A10="","",SUMIFS(月次実績!$D$5:$D$3004,月次実績!$B$5:$B$3004,$A10,月次実績!$A$5:$A$3004,">="&EDATE(設定!$C$5,-(設定!$C$6-1)))) | R10: =IF($A10="","",SUMIFS(月次実績!$D$5:$D$3004,月次実績!$B$5:$B$3004,$A10)) | S10: =IF($A10="","",SUMIFS(月次実績!$F$5:$F$3004,月次実績!$B$5:$B$3004,$A10)) | T10: =IF(OR($A10="",R10=0),"",S10/R10) | U10: =IF($A10="","",SUMIFS(月次実績!$G$5:$G$3004,月次実績!$B$5:$B$3004,$A10)) | V10: =IF($A10="","",IF(Q10>=設定!$C$7,"稼働中",IF(Q10>=1,"低稼働","休眠")))
I11: =IF($A11="","",IF(_xlfn.MAXIFS(アクションログ!$A$5:$A$2004,アクションログ!$B$5:$B$2004,$A11)=0,"",_xlfn.MAXIFS(アクションログ!$A$5:$A$2004,アクションログ!$B$5:$B$2004,$A11))) | J11: =IF(OR($A11="",I11=""),"",設定!$C$4-I11) | K11: =IF($A11="","",IFERROR(INDEX(設定!$D$14:$D$17,MATCH(F11,設定!$B$14:$B$17,0)),"")) | L11: =IF(OR($A11="",K11=""),"",IF(I11="",設定!$C$4,I11+K11)) | M11: =IF($A11="","",IF(F11="","ランク未設定",IF(I11="","未接触",IF(設定!$C$4>L11,"期限超過",IF(L11-設定!$C$4<=設定!$C$8,"今週連絡","OK"))))) | N11: =IF($A11="","",IF(_xlfn.MINIFS(アクションログ!$J$5:$J$2004,アクションログ!$B$5:$B$2004,$A11,アクションログ!$K$5:$K$2004,"<>済",アクションログ!$J$5:$J$2004,">0")=0,"",_xlfn.MINIFS(アクションログ!$J$5:$J$2004,アクションログ!$B$5:$B$2004,$A11,アクションログ!$K$5:$K$2004,"<>済",アクションログ!$J$5:$J$2004,">0"))) | O11: =IF(N11="","",IFERROR(INDEX(アクションログ!$I$5:$I$2004,MATCH($A11&"|"&N11,アクションログ!$L$5:$L$2004,0)),"")) | P11: =IF($A11="","",COUNTIFS(アクションログ!$B$5:$B$2004,$A11,アクションログ!$A$5:$A$2004,">="&設定!$C$5)) | Q11: =IF($A11="","",SUMIFS(月次実績!$D$5:$D$3004,月次実績!$B$5:$B$3004,$A11,月次実績!$A$5:$A$3004,">="&EDATE(設定!$C$5,-(設定!$C$6-1)))) | R11: =IF($A11="","",SUMIFS(月次実績!$D$5:$D$3004,月次実績!$B$5:$B$3004,$A11)) | S11: =IF($A11="","",SUMIFS(月次実績!$F$5:$F$3004,月次実績!$B$5:$B$3004,$A11)) | T11: =IF(OR($A11="",R11=0),"",S11/R11) | U11: =IF($A11="","",SUMIFS(月次実績!$G$5:$G$3004,月次実績!$B$5:$B$3004,$A11)) | V11: =IF($A11="","",IF(Q11>=設定!$C$7,"稼働中",IF(Q11>=1,"低稼働","休眠")))
I12: =IF($A12="","",IF(_xlfn.MAXIFS(アクションログ!$A$5:$A$2004,アクションログ!$B$5:$B$2004,$A12)=0,"",_xlfn.MAXIFS(アクションログ!$A$5:$A$2004,アクションログ!$B$5:$B$2004,$A12))) | J12: =IF(OR($A12="",I12=""),"",設定!$C$4-I12) | K12: =IF($A12="","",IFERROR(INDEX(設定!$D$14:$D$17,MATCH(F12,設定!$B$14:$B$17,0)),"")) | L12: =IF(OR($A12="",K12=""),"",IF(I12="",設定!$C$4,I12+K12)) | M12: =IF($A12="","",IF(F12="","ランク未設定",IF(I12="","未接触",IF(設定!$C$4>L12,"期限超過",IF(L12-設定!$C$4<=設定!$C$8,"今週連絡","OK"))))) | N12: =IF($A12="","",IF(_xlfn.MINIFS(アクションログ!$J$5:$J$2004,アクションログ!$B$5:$B$2004,$A12,アクションログ!$K$5:$K$2004,"<>済",アクションログ!$J$5:$J$2004,">0")=0,"",_xlfn.MINIFS(アクションログ!$J$5:$J$2004,アクションログ!$B$5:$B$2004,$A12,アクションログ!$K$5:$K$2004,"<>済",アクションログ!$J$5:$J$2004,">0"))) | O12: =IF(N12="","",IFERROR(INDEX(アクションログ!$I$5:$I$2004,MATCH($A12&"|"&N12,アクションログ!$L$5:$L$2004,0)),"")) | P12: =IF($A12="","",COUNTIFS(アクションログ!$B$5:$B$2004,$A12,アクションログ!$A$5:$A$2004,">="&設定!$C$5)) | Q12: =IF($A12="","",SUMIFS(月次実績!$D$5:$D$3004,月次実績!$B$5:$B$3004,$A12,月次実績!$A$5:$A$3004,">="&EDATE(設定!$C$5,-(設定!$C$6-1)))) | R12: =IF($A12="","",SUMIFS(月次実績!$D$5:$D$3004,月次実績!$B$5:$B$3004,$A12)) | S12: =IF($A12="","",SUMIFS(月次実績!$F$5:$F$3004,月次実績!$B$5:$B$3004,$A12)) | T12: =IF(OR($A12="",R12=0),"",S12/R12) | U12: =IF($A12="","",SUMIFS(月次実績!$G$5:$G$3004,月次実績!$B$5:$B$3004,$A12)) | V12: =IF($A12="","",IF(Q12>=設定!$C$7,"稼働中",IF(Q12>=1,"低稼働","休眠")))
I13: =IF($A13="","",IF(_xlfn.MAXIFS(アクションログ!$A$5:$A$2004,アクションログ!$B$5:$B$2004,$A13)=0,"",_xlfn.MAXIFS(アクションログ!$A$5:$A$2004,アクションログ!$B$5:$B$2004,$A13))) | J13: =IF(OR($A13="",I13=""),"",設定!$C$4-I13) | K13: =IF($A13="","",IFERROR(INDEX(設定!$D$14:$D$17,MATCH(F13,設定!$B$14:$B$17,0)),"")) | L13: =IF(OR($A13="",K13=""),"",IF(I13="",設定!$C$4,I13+K13)) | M13: =IF($A13="","",IF(F13="","ランク未設定",IF(I13="","未接触",IF(設定!$C$4>L13,"期限超過",IF(L13-設定!$C$4<=設定!$C$8,"今週連絡","OK"))))) | N13: =IF($A13="","",IF(_xlfn.MINIFS(アクションログ!$J$5:$J$2004,アクションログ!$B$5:$B$2004,$A13,アクションログ!$K$5:$K$2004,"<>済",アクションログ!$J$5:$J$2004,">0")=0,"",_xlfn.MINIFS(アクションログ!$J$5:$J$2004,アクションログ!$B$5:$B$2004,$A13,アクションログ!$K$5:$K$2004,"<>済",アクションログ!$J$5:$J$2004,">0"))) | O13: =IF(N13="","",IFERROR(INDEX(アクションログ!$I$5:$I$2004,MATCH($A13&"|"&N13,アクションログ!$L$5:$L$2004,0)),"")) | P13: =IF($A13="","",COUNTIFS(アクションログ!$B$5:$B$2004,$A13,アクションログ!$A$5:$A$2004,">="&設定!$C$5)) | Q13: =IF($A13="","",SUMIFS(月次実績!$D$5:$D$3004,月次実績!$B$5:$B$3004,$A13,月次実績!$A$5:$A$3004,">="&EDATE(設定!$C$5,-(設定!$C$6-1)))) | R13: =IF($A13="","",SUMIFS(月次実績!$D$5:$D$3004,月次実績!$B$5:$B$3004,$A13)) | S13: =IF($A13="","",SUMIFS(月次実績!$F$5:$F$3004,月次実績!$B$5:$B$3004,$A13)) | T13: =IF(OR($A13="",R13=0),"",S13/R13) | U13: =IF($A13="","",SUMIFS(月次実績!$G$5:$G$3004,月次実績!$B$5:$B$3004,$A13)) | V13: =IF($A13="","",IF(Q13>=設定!$C$7,"稼働中",IF(Q13>=1,"低稼働","休眠")))
I14: =IF($A14="","",IF(_xlfn.MAXIFS(アクションログ!$A$5:$A$2004,アクションログ!$B$5:$B$2004,$A14)=0,"",_xlfn.MAXIFS(アクションログ!$A$5:$A$2004,アクションログ!$B$5:$B$2004,$A14))) | J14: =IF(OR($A14="",I14=""),"",設定!$C$4-I14) | K14: =IF($A14="","",IFERROR(INDEX(設定!$D$14:$D$17,MATCH(F14,設定!$B$14:$B$17,0)),"")) | L14: =IF(OR($A14="",K14=""),"",IF(I14="",設定!$C$4,I14+K14)) | M14: =IF($A14="","",IF(F14="","ランク未設定",IF(I14="","未接触",IF(設定!$C$4>L14,"期限超過",IF(L14-設定!$C$4<=設定!$C$8,"今週連絡","OK"))))) | N14: =IF($A14="","",IF(_xlfn.MINIFS(アクションログ!$J$5:$J$2004,アクションログ!$B$5:$B$2004,$A14,アクションログ!$K$5:$K$2004,"<>済",アクションログ!$J$5:$J$2004,">0")=0,"",_xlfn.MINIFS(アクションログ!$J$5:$J$2004,アクションログ!$B$5:$B$2004,$A14,アクションログ!$K$5:$K$2004,"<>済",アクションログ!$J$5:$J$2004,">0"))) | O14: =IF(N14="","",IFERROR(INDEX(アクションログ!$I$5:$I$2004,MATCH($A14&"|"&N14,アクションログ!$L$5:$L$2004,0)),"")) | P14: =IF($A14="","",COUNTIFS(アクションログ!$B$5:$B$2004,$A14,アクションログ!$A$5:$A$2004,">="&設定!$C$5)) | Q14: =IF($A14="","",SUMIFS(月次実績!$D$5:$D$3004,月次実績!$B$5:$B$3004,$A14,月次実績!$A$5:$A$3004,">="&EDATE(設定!$C$5,-(設定!$C$6-1)))) | R14: =IF($A14="","",SUMIFS(月次実績!$D$5:$D$3004,月次実績!$B$5:$B$3004,$A14)) | S14: =IF($A14="","",SUMIFS(月次実績!$F$5:$F$3004,月次実績!$B$5:$B$3004,$A14)) | T14: =IF(OR($A14="",R14=0),"",S14/R14) | U14: =IF($A14="","",SUMIFS(月次実績!$G$5:$G$3004,月次実績!$B$5:$B$3004,$A14)) | V14: =IF($A14="","",IF(Q14>=設定!$C$7,"稼働中",IF(Q14>=1,"低稼働","休眠")))
I15: =IF($A15="","",IF(_xlfn.MAXIFS(アクションログ!$A$5:$A$2004,アクションログ!$B$5:$B$2004,$A15)=0,"",_xlfn.MAXIFS(アクションログ!$A$5:$A$2004,アクションログ!$B$5:$B$2004,$A15))) | J15: =IF(OR($A15="",I15=""),"",設定!$C$4-I15) | K15: =IF($A15="","",IFERROR(INDEX(設定!$D$14:$D$17,MATCH(F15,設定!$B$14:$B$17,0)),"")) | L15: =IF(OR($A15="",K15=""),"",IF(I15="",設定!$C$4,I15+K15)) | M15: =IF($A15="","",IF(F15="","ランク未設定",IF(I15="","未接触",IF(設定!$C$4>L15,"期限超過",IF(L15-設定!$C$4<=設定!$C$8,"今週連絡","OK"))))) | N15: =IF($A15="","",IF(_xlfn.MINIFS(アクションログ!$J$5:$J$2004,アクションログ!$B$5:$B$2004,$A15,アクションログ!$K$5:$K$2004,"<>済",アクションログ!$J$5:$J$2004,">0")=0,"",_xlfn.MINIFS(アクションログ!$J$5:$J$2004,アクションログ!$B$5:$B$2004,$A15,アクションログ!$K$5:$K$2004,"<>済",アクションログ!$J$5:$J$2004,">0"))) | O15: =IF(N15="","",IFERROR(INDEX(アクションログ!$I$5:$I$2004,MATCH($A15&"|"&N15,アクションログ!$L$5:$L$2004,0)),"")) | P15: =IF($A15="","",COUNTIFS(アクションログ!$B$5:$B$2004,$A15,アクションログ!$A$5:$A$2004,">="&設定!$C$5)) | Q15: =IF($A15="","",SUMIFS(月次実績!$D$5:$D$3004,月次実績!$B$5:$B$3004,$A15,月次実績!$A$5:$A$3004,">="&EDATE(設定!$C$5,-(設定!$C$6-1)))) | R15: =IF($A15="","",SUMIFS(月次実績!$D$5:$D$3004,月次実績!$B$5:$B$3004,$A15)) | S15: =IF($A15="","",SUMIFS(月次実績!$F$5:$F$3004,月次実績!$B$5:$B$3004,$A15)) | T15: =IF(OR($A15="",R15=0),"",S15/R15) | U15: =IF($A15="","",SUMIFS(月次実績!$G$5:$G$3004,月次実績!$B$5:$B$3004,$A15)) | V15: =IF($A15="","",IF(Q15>=設定!$C$7,"稼働中",IF(Q15>=1,"低稼働","休眠")))
I16: =IF($A16="","",IF(_xlfn.MAXIFS(アクションログ!$A$5:$A$2004,アクションログ!$B$5:$B$2004,$A16)=0,"",_xlfn.MAXIFS(アクションログ!$A$5:$A$2004,アクションログ!$B$5:$B$2004,$A16))) | J16: =IF(OR($A16="",I16=""),"",設定!$C$4-I16) | K16: =IF($A16="","",IFERROR(INDEX(設定!$D$14:$D$17,MATCH(F16,設定!$B$14:$B$17,0)),"")) | L16: =IF(OR($A16="",K16=""),"",IF(I16="",設定!$C$4,I16+K16)) | M16: =IF($A16="","",IF(F16="","ランク未設定",IF(I16="","未接触",IF(設定!$C$4>L16,"期限超過",IF(L16-設定!$C$4<=設定!$C$8,"今週連絡","OK"))))) | N16: =IF($A16="","",IF(_xlfn.MINIFS(アクションログ!$J$5:$J$2004,アクションログ!$B$5:$B$2004,$A16,アクションログ!$K$5:$K$2004,"<>済",アクションログ!$J$5:$J$2004,">0")=0,"",_xlfn.MINIFS(アクションログ!$J$5:$J$2004,アクションログ!$B$5:$B$2004,$A16,アクションログ!$K$5:$K$2004,"<>済",アクションログ!$J$5:$J$2004,">0"))) | O16: =IF(N16="","",IFERROR(INDEX(アクションログ!$I$5:$I$2004,MATCH($A16&"|"&N16,アクションログ!$L$5:$L$2004,0)),"")) | P16: =IF($A16="","",COUNTIFS(アクションログ!$B$5:$B$2004,$A16,アクションログ!$A$5:$A$2004,">="&設定!$C$5)) | Q16: =IF($A16="","",SUMIFS(月次実績!$D$5:$D$3004,月次実績!$B$5:$B$3004,$A16,月次実績!$A$5:$A$3004,">="&EDATE(設定!$C$5,-(設定!$C$6-1)))) | R16: =IF($A16="","",SUMIFS(月次実績!$D$5:$D$3004,月次実績!$B$5:$B$3004,$A16)) | S16: =IF($A16="","",SUMIFS(月次実績!$F$5:$F$3004,月次実績!$B$5:$B$3004,$A16)) | T16: =IF(OR($A16="",R16=0),"",S16/R16) | U16: =IF($A16="","",SUMIFS(月次実績!$G$5:$G$3004,月次実績!$B$5:$B$3004,$A16)) | V16: =IF($A16="","",IF(Q16>=設定!$C$7,"稼働中",IF(Q16>=1,"低稼働","休眠")))
I17: =IF($A17="","",IF(_xlfn.MAXIFS(アクションログ!$A$5:$A$2004,アクションログ!$B$5:$B$2004,$A17)=0,"",_xlfn.MAXIFS(アクションログ!$A$5:$A$2004,アクションログ!$B$5:$B$2004,$A17))) | J17: =IF(OR($A17="",I17=""),"",設定!$C$4-I17) | K17: =IF($A17="","",IFERROR(INDEX(設定!$D$14:$D$17,MATCH(F17,設定!$B$14:$B$17,0)),"")) | L17: =IF(OR($A17="",K17=""),"",IF(I17="",設定!$C$4,I17+K17)) | M17: =IF($A17="","",IF(F17="","ランク未設定",IF(I17="","未接触",IF(設定!$C$4>L17,"期限超過",IF(L17-設定!$C$4<=設定!$C$8,"今週連絡","OK"))))) | N17: =IF($A17="","",IF(_xlfn.MINIFS(アクションログ!$J$5:$J$2004,アクションログ!$B$5:$B$2004,$A17,アクションログ!$K$5:$K$2004,"<>済",アクションログ!$J$5:$J$2004,">0")=0,"",_xlfn.MINIFS(アクションログ!$J$5:$J$2004,アクションログ!$B$5:$B$2004,$A17,アクションログ!$K$5:$K$2004,"<>済",アクションログ!$J$5:$J$2004,">0"))) | O17: =IF(N17="","",IFERROR(INDEX(アクションログ!$I$5:$I$2004,MATCH($A17&"|"&N17,アクションログ!$L$5:$L$2004,0)),"")) | P17: =IF($A17="","",COUNTIFS(アクションログ!$B$5:$B$2004,$A17,アクションログ!$A$5:$A$2004,">="&設定!$C$5)) | Q17: =IF($A17="","",SUMIFS(月次実績!$D$5:$D$3004,月次実績!$B$5:$B$3004,$A17,月次実績!$A$5:$A$3004,">="&EDATE(設定!$C$5,-(設定!$C$6-1)))) | R17: =IF($A17="","",SUMIFS(月次実績!$D$5:$D$3004,月次実績!$B$5:$B$3004,$A17)) | S17: =IF($A17="","",SUMIFS(月次実績!$F$5:$F$3004,月次実績!$B$5:$B$3004,$A17)) | T17: =IF(OR($A17="",R17=0),"",S17/R17) | U17: =IF($A17="","",SUMIFS(月次実績!$G$5:$G$3004,月次実績!$B$5:$B$3004,$A17)) | V17: =IF($A17="","",IF(Q17>=設定!$C$7,"稼働中",IF(Q17>=1,"低稼働","休眠")))
I18: =IF($A18="","",IF(_xlfn.MAXIFS(アクションログ!$A$5:$A$2004,アクションログ!$B$5:$B$2004,$A18)=0,"",_xlfn.MAXIFS(アクションログ!$A$5:$A$2004,アクションログ!$B$5:$B$2004,$A18))) | J18: =IF(OR($A18="",I18=""),"",設定!$C$4-I18) | K18: =IF($A18="","",IFERROR(INDEX(設定!$D$14:$D$17,MATCH(F18,設定!$B$14:$B$17,0)),"")) | L18: =IF(OR($A18="",K18=""),"",IF(I18="",設定!$C$4,I18+K18)) | M18: =IF($A18="","",IF(F18="","ランク未設定",IF(I18="","未接触",IF(設定!$C$4>L18,"期限超過",IF(L18-設定!$C$4<=設定!$C$8,"今週連絡","OK"))))) | N18: =IF($A18="","",IF(_xlfn.MINIFS(アクションログ!$J$5:$J$2004,アクションログ!$B$5:$B$2004,$A18,アクションログ!$K$5:$K$2004,"<>済",アクションログ!$J$5:$J$2004,">0")=0,"",_xlfn.MINIFS(アクションログ!$J$5:$J$2004,アクションログ!$B$5:$B$2004,$A18,アクションログ!$K$5:$K$2004,"<>済",アクションログ!$J$5:$J$2004,">0"))) | O18: =IF(N18="","",IFERROR(INDEX(アクションログ!$I$5:$I$2004,MATCH($A18&"|"&N18,アクションログ!$L$5:$L$2004,0)),"")) | P18: =IF($A18="","",COUNTIFS(アクションログ!$B$5:$B$2004,$A18,アクションログ!$A$5:$A$2004,">="&設定!$C$5)) | Q18: =IF($A18="","",SUMIFS(月次実績!$D$5:$D$3004,月次実績!$B$5:$B$3004,$A18,月次実績!$A$5:$A$3004,">="&EDATE(設定!$C$5,-(設定!$C$6-1)))) | R18: =IF($A18="","",SUMIFS(月次実績!$D$5:$D$3004,月次実績!$B$5:$B$3004,$A18)) | S18: =IF($A18="","",SUMIFS(月次実績!$F$5:$F$3004,月次実績!$B$5:$B$3004,$A18)) | T18: =IF(OR($A18="",R18=0),"",S18/R18) | U18: =IF($A18="","",SUMIFS(月次実績!$G$5:$G$3004,月次実績!$B$5:$B$3004,$A18)) | V18: =IF($A18="","",IF(Q18>=設定!$C$7,"稼働中",IF(Q18>=1,"低稼働","休眠")))
I19: =IF($A19="","",IF(_xlfn.MAXIFS(アクションログ!$A$5:$A$2004,アクションログ!$B$5:$B$2004,$A19)=0,"",_xlfn.MAXIFS(アクションログ!$A$5:$A$2004,アクションログ!$B$5:$B$2004,$A19))) | J19: =IF(OR($A19="",I19=""),"",設定!$C$4-I19) | K19: =IF($A19="","",IFERROR(INDEX(設定!$D$14:$D$17,MATCH(F19,設定!$B$14:$B$17,0)),"")) | L19: =IF(OR($A19="",K19=""),"",IF(I19="",設定!$C$4,I19+K19)) | M19: =IF($A19="","",IF(F19="","ランク未設定",IF(I19="","未接触",IF(設定!$C$4>L19,"期限超過",IF(L19-設定!$C$4<=設定!$C$8,"今週連絡","OK"))))) | N19: =IF($A19="","",IF(_xlfn.MINIFS(アクションログ!$J$5:$J$2004,アクションログ!$B$5:$B$2004,$A19,アクションログ!$K$5:$K$2004,"<>済",アクションログ!$J$5:$J$2004,">0")=0,"",_xlfn.MINIFS(アクションログ!$J$5:$J$2004,アクションログ!$B$5:$B$2004,$A19,アクションログ!$K$5:$K$2004,"<>済",アクションログ!$J$5:$J$2004,">0"))) | O19: =IF(N19="","",IFERROR(INDEX(アクションログ!$I$5:$I$2004,MATCH($A19&"|"&N19,アクションログ!$L$5:$L$2004,0)),"")) | P19: =IF($A19="","",COUNTIFS(アクションログ!$B$5:$B$2004,$A19,アクションログ!$A$5:$A$2004,">="&設定!$C$5)) | Q19: =IF($A19="","",SUMIFS(月次実績!$D$5:$D$3004,月次実績!$B$5:$B$3004,$A19,月次実績!$A$5:$A$3004,">="&EDATE(設定!$C$5,-(設定!$C$6-1)))) | R19: =IF($A19="","",SUMIFS(月次実績!$D$5:$D$3004,月次実績!$B$5:$B$3004,$A19)) | S19: =IF($A19="","",SUMIFS(月次実績!$F$5:$F$3004,月次実績!$B$5:$B$3004,$A19)) | T19: =IF(OR($A19="",R19=0),"",S19/R19) | U19: =IF($A19="","",SUMIFS(月次実績!$G$5:$G$3004,月次実績!$B$5:$B$3004,$A19)) | V19: =IF($A19="","",IF(Q19>=設定!$C$7,"稼働中",IF(Q19>=1,"低稼働","休眠")))
... I204: =IF($A204="","",IF(_xlfn.MAXIFS(アクションログ!$A$5:$A$2004,アクションログ!$B$5:$B$2004,$A204)=0,"",_xlfn.MAXIFS(アクションログ!$A$5:$A$2004,アクションログ!$B$5:$B$2004,$A204))) | J204: =IF(OR($A204="",I204=""),"",設定!$C$4-I204) | K204: =IF($A204="","",IFERROR(INDEX(設定!$D$14:$D$17,MATCH(F204,設定!$B$14:$B$17,0)),"")) | L204: =IF(OR($A204="",K204=""),"",IF(I204="",設定!$C$4,I204+K204)) | M204: =IF($A204="","",IF(F204="","ランク未設定",IF(I204="","未接触",IF(設定!$C$4>L204,"期限超過",IF(L204-設定!$C$4<=設定!$C$8,"今週連絡","OK"))))) | N204: =IF($A204="","",IF(_xlfn.MINIFS(アクションログ!$J$5:$J$2004,アクションログ!$B$5:$B$2004,$A204,アクションログ!$K$5:$K$2004,"<>済",アクションログ!$J$5:$J$2004,">0")=0,"",_xlfn.MINIFS(アクションログ!$J$5:$J$2004,アクションログ!$B$5:$B$2004,$A204,アクションログ!$K$5:$K$2004,"<>済",アクションログ!$J$5:$J$2004,">0"))) | O204: =IF(N204="","",IFERROR(INDEX(アクションログ!$I$5:$I$2004,MATCH($A204&"|"&N204,アクションログ!$L$5:$L$2004,0)),"")) | P204: =IF($A204="","",COUNTIFS(アクションログ!$B$5:$B$2004,$A204,アクションログ!$A$5:$A$2004,">="&設定!$C$5)) | Q204: =IF($A204="","",SUMIFS(月次実績!$D$5:$D$3004,月次実績!$B$5:$B$3004,$A204,月次実績!$A$5:$A$3004,">="&EDATE(設定!$C$5,-(設定!$C$6-1)))) | R204: =IF($A204="","",SUMIFS(月次実績!$D$5:$D$3004,月次実績!$B$5:$B$3004,$A204)) | S204: =IF($A204="","",SUMIFS(月次実績!$F$5:$F$3004,月次実績!$B$5:$B$3004,$A204)) | T204: =IF(OR($A204="",R204=0),"",S204/R204) | U204: =IF($A204="","",SUMIFS(月次実績!$G$5:$G$3004,月次実績!$B$5:$B$3004,$A204)) | V204: =IF($A204="","",IF(Q204>=設定!$C$7,"稼働中",IF(Q204>=1,"低稼働","休眠")))

Sheet アクションログ
A1: アクションログ（代理店とのコミュニケーション履歴）
A2: 代理店と接触したら1行追加。次回アクションと予定日を必ず入れ、実施したら「完了」を「済」に。代理店一覧に自動反映されます。
A4: 接触日 | B4: 代理店ID | C4: 代理店名 | D4: 自社担当 | E4: 接触手段 | F4: 接触目的 | G4: 内容・ヒアリング事項 | H4: 代理店の温度感 | I4: 次回アクション | J4: 次回予定日 | K4: 完了 | L4: 照合キー（自動）
A5: 46268 | B5: AG-001 | C5: =IF(B5="","",IFERROR(INDEX(代理店一覧!$B$5:$B$204,MATCH(B5,代理店一覧!$A$5:$A$204,0)),"※未登録のID")) -> 【サンプル】山田会計事務所 | D5: 担当者A | E5: 訪問 | F5: 定期フォロー | G5: 9月の紹介予定を確認。決算期前の顧問先2社を紹介予定 | H5: ◎ 非常に前向き | I5: 紹介予定2社の日程調整 | J5: 46275 | K5: 済 | L5: =IF(B5="","",B5&"|"&J5) -> AG-001|46275
A6: 46275 | B6: AG-001 | C6: =IF(B6="","",IFERROR(INDEX(代理店一覧!$B$5:$B$204,MATCH(B6,代理店一覧!$A$5:$A$204,0)),"※未登録のID")) -> 【サンプル】山田会計事務所 | D6: 担当者A | E6: 電話 | F6: 紹介案件の進捗報告 | G6: 紹介2社の初回面談日を報告。うち1社は来週提案 | H6: ○ 前向き | I6: 提案結果の報告と次の紹介依頼 | J6: 46295 | K6: 未 | L6: =IF(B6="","",B6&"|"&J6) -> AG-001|46295
A7: 46270 | B7: AG-002 | C7: =IF(B7="","",IFERROR(INDEX(代理店一覧!$B$5:$B$204,MATCH(B7,代理店一覧!$A$5:$A$204,0)),"※未登録のID")) -> 【サンプル】みらい保険サービス | D7: 担当者B | E7: オンライン面談 | F7: 新商材・キャンペーン案内 | G7: 節税商品の新スキームを説明。顧客に案内してみるとのこと | H7: ○ 前向き | I7: 顧客向け説明資料を送付 | J7: 46277 | K7: 済 | L7: =IF(B7="","",B7&"|"&J7) -> AG-002|46277
A8: 46277 | B8: AG-002 | C8: =IF(B8="","",IFERROR(INDEX(代理店一覧!$B$5:$B$204,MATCH(B8,代理店一覧!$A$5:$A$204,0)),"※未登録のID")) -> 【サンプル】みらい保険サービス | D8: 担当者B | E8: メール | F8: 定期フォロー | G8: 説明資料を送付 | H8: △ 様子見 | I8: 資料の反応を電話で確認 | J8: 46289 | K8: 未 | L8: =IF(B8="","",B8&"|"&J8) -> AG-002|46289
A9: 46223 | B9: AG-003 | C9: =IF(B9="","",IFERROR(INDEX(代理店一覧!$B$5:$B$204,MATCH(B9,代理店一覧!$A$5:$A$204,0)),"※未登録のID")) -> 【サンプル】中央ビジネスコンサル | D9: 担当者A | E9: 勉強会・セミナー | F9: 勉強会・研修 | G9: 代理店向け勉強会に参加。紹介の流れは理解済み | H9: △ 様子見 | I9: 紹介しやすい顧客像を一緒に洗い出す | J9: 46254 | K9: 未 | L9: =IF(B9="","",B9&"|"&J9) -> AG-003|46254
C10: =IF(B10="","",IFERROR(INDEX(代理店一覧!$B$5:$B$204,MATCH(B10,代理店一覧!$A$5:$A$204,0)),"※未登録のID")) | L10: =IF(B10="","",B10&"|"&J10)
C11: =IF(B11="","",IFERROR(INDEX(代理店一覧!$B$5:$B$204,MATCH(B11,代理店一覧!$A$5:$A$204,0)),"※未登録のID")) | L11: =IF(B11="","",B11&"|"&J11)
C12: =IF(B12="","",IFERROR(INDEX(代理店一覧!$B$5:$B$204,MATCH(B12,代理店一覧!$A$5:$A$204,0)),"※未登録のID")) | L12: =IF(B12="","",B12&"|"&J12)
C13: =IF(B13="","",IFERROR(INDEX(代理店一覧!$B$5:$B$204,MATCH(B13,代理店一覧!$A$5:$A$204,0)),"※未登録のID")) | L13: =IF(B13="","",B13&"|"&J13)
C14: =IF(B14="","",IFERROR(INDEX(代理店一覧!$B$5:$B$204,MATCH(B14,代理店一覧!$A$5:$A$204,0)),"※未登録のID")) | L14: =IF(B14="","",B14&"|"&J14)
C15: =IF(B15="","",IFERROR(INDEX(代理店一覧!$B$5:$B$204,MATCH(B15,代理店一覧!$A$5:$A$204,0)),"※未登録のID")) | L15: =IF(B15="","",B15&"|"&J15)
C16: =IF(B16="","",IFERROR(INDEX(代理店一覧!$B$5:$B$204,MATCH(B16,代理店一覧!$A$5:$A$204,0)),"※未登録のID")) | L16: =IF(B16="","",B16&"|"&J16)
C17: =IF(B17="","",IFERROR(INDEX(代理店一覧!$B$5:$B$204,MATCH(B17,代理店一覧!$A$5:$A$204,0)),"※未登録のID")) | L17: =IF(B17="","",B17&"|"&J17)
C18: =IF(B18="","",IFERROR(INDEX(代理店一覧!$B$5:$B$204,MATCH(B18,代理店一覧!$A$5:$A$204,0)),"※未登録のID")) | L18: =IF(B18="","",B18&"|"&J18)
C19: =IF(B19="","",IFERROR(INDEX(代理店一覧!$B$5:$B$204,MATCH(B19,代理店一覧!$A$5:$A$204,0)),"※未登録のID")) | L19: =IF(B19="","",B19&"|"&J19)
C20: =IF(B20="","",IFERROR(INDEX(代理店一覧!$B$5:$B$204,MATCH(B20,代理店一覧!$A$5:$A$204,0)),"※未登録のID")) | L20: =IF(B20="","",B20&"|"&J20)
C21: =IF(B21="","",IFERROR(INDEX(代理店一覧!$B$5:$B$204,MATCH(B21,代理店一覧!$A$5:$A$204,0)),"※未登録のID")) | L21: =IF(B21="","",B21&"|"&J21)
... C2004: =IF(B2004="","",IFERROR(INDEX(代理店一覧!$B$5:$B$204,MATCH(B2004,代理店一覧!$A$5:$A$204,0)),"※未登録のID")) | L2004: =IF(B2004="","",B2004&"|"&J2004)

Sheet 月次実績
A1: 月次実績（代理店別の紹介・成約）
A2: 月末に1代理店1行で入力。数値はkintone『マスタ｜代理店管理』の代理店リード一覧・代理店案件一覧から転記します。年月は各月の1日（例：2026/09/01）で入力。
A4: 年月（1日で入力） | B4: 代理店ID | C4: 代理店名 | D4: 紹介リード数 | E4: 案件化数 | F4: 成約数 | G4: 成約金額（円） | H4: 代理店報酬（円） | I4: 備考
A5: 46204 | B5: AG-001 | C5: =IF(B5="","",IFERROR(INDEX(代理店一覧!$B$5:$B$204,MATCH(B5,代理店一覧!$A$5:$A$204,0)),"※未登録のID")) -> 【サンプル】山田会計事務所 | D5: 3 | E5: 2 | F5: 1 | G5: 600000 | H5: 60000
A6: 46235 | B6: AG-001 | C6: =IF(B6="","",IFERROR(INDEX(代理店一覧!$B$5:$B$204,MATCH(B6,代理店一覧!$A$5:$A$204,0)),"※未登録のID")) -> 【サンプル】山田会計事務所 | D6: 4 | E6: 3 | F6: 2 | G6: 1100000 | H6: 110000
A7: 46266 | B7: AG-001 | C7: =IF(B7="","",IFERROR(INDEX(代理店一覧!$B$5:$B$204,MATCH(B7,代理店一覧!$A$5:$A$204,0)),"※未登録のID")) -> 【サンプル】山田会計事務所 | D7: 2 | E7: 1 | F7: 0 | G7: 0 | H7: 0
A8: 46235 | B8: AG-002 | C8: =IF(B8="","",IFERROR(INDEX(代理店一覧!$B$5:$B$204,MATCH(B8,代理店一覧!$A$5:$A$204,0)),"※未登録のID")) -> 【サンプル】みらい保険サービス | D8: 1 | E8: 1 | F8: 0 | G8: 0 | H8: 0
A9: 46266 | B9: AG-002 | C9: =IF(B9="","",IFERROR(INDEX(代理店一覧!$B$5:$B$204,MATCH(B9,代理店一覧!$A$5:$A$204,0)),"※未登録のID")) -> 【サンプル】みらい保険サービス | D9: 1 | E9: 0 | F9: 0 | G9: 0 | H9: 0
C10: =IF(B10="","",IFERROR(INDEX(代理店一覧!$B$5:$B$204,MATCH(B10,代理店一覧!$A$5:$A$204,0)),"※未登録のID"))
C11: =IF(B11="","",IFERROR(INDEX(代理店一覧!$B$5:$B$204,MATCH(B11,代理店一覧!$A$5:$A$204,0)),"※未登録のID"))
C12: =IF(B12="","",IFERROR(INDEX(代理店一覧!$B$5:$B$204,MATCH(B12,代理店一覧!$A$5:$A$204,0)),"※未登録のID"))
C13: =IF(B13="","",IFERROR(INDEX(代理店一覧!$B$5:$B$204,MATCH(B13,代理店一覧!$A$5:$A$204,0)),"※未登録のID"))
C14: =IF(B14="","",IFERROR(INDEX(代理店一覧!$B$5:$B$204,MATCH(B14,代理店一覧!$A$5:$A$204,0)),"※未登録のID"))
C15: =IF(B15="","",IFERROR(INDEX(代理店一覧!$B$5:$B$204,MATCH(B15,代理店一覧!$A$5:$A$204,0)),"※未登録のID"))
C16: =IF(B16="","",IFERROR(INDEX(代理店一覧!$B$5:$B$204,MATCH(B16,代理店一覧!$A$5:$A$204,0)),"※未登録のID"))
C17: =IF(B17="","",IFERROR(INDEX(代理店一覧!$B$5:$B$204,MATCH(B17,代理店一覧!$A$5:$A$204,0)),"※未登録のID"))
C18: =IF(B18="","",IFERROR(INDEX(代理店一覧!$B$5:$B$204,MATCH(B18,代理店一覧!$A$5:$A$204,0)),"※未登録のID"))
C19: =IF(B19="","",IFERROR(INDEX(代理店一覧!$B$5:$B$204,MATCH(B19,代理店一覧!$A$5:$A$204,0)),"※未登録のID"))
C20: =IF(B20="","",IFERROR(INDEX(代理店一覧!$B$5:$B$204,MATCH(B20,代理店一覧!$A$5:$A$204,0)),"※未登録のID"))
C21: =IF(B21="","",IFERROR(INDEX(代理店一覧!$B$5:$B$204,MATCH(B21,代理店一覧!$A$5:$A$204,0)),"※未登録のID"))
... C3004: =IF(B3004="","",IFERROR(INDEX(代理店一覧!$B$5:$B$204,MATCH(B3004,代理店一覧!$A$5:$A$204,0)),"※未登録のID"))

Sheet 月次サマリー
A1: 月次サマリー（年度の推移）
A2: すべて自動計算。年度開始月は『設定』シートで変更できます。
A4: 年月 | B4: 登録代理店数 | C4: 稼働代理店数（紹介1件以上） | D4: 稼働率 | E4: 接触件数 | F4: うち対面（訪問・面談・勉強会・会食） | G4: 紹介リード数 | H4: 案件化数 | I4: 成約数 | J4: 成約金額（円） | K4: 代理店報酬（円）
A5: =EDATE(設定!$C$9,0) -> 46113 | B5: =COUNTIFS(代理店一覧!$G$5:$G$204,"<"&EDATE($A5,1)) -> 2 | C5: =COUNTIFS(月次実績!$A$5:$A$3004,$A5,月次実績!$D$5:$D$3004,">0") -> 0 | D5: =IF(B5=0,"",C5/B5) -> 0 | E5: =COUNTIFS(アクションログ!$A$5:$A$2004,">="&$A5,アクションログ!$A$5:$A$2004,"<"&EDATE($A5,1)) -> 0 | F5: =COUNTIFS(アクションログ!$A$5:$A$2004,">="&$A5,アクションログ!$A$5:$A$2004,"<"&EDATE($A5,1),アクションログ!$E$5:$E$2004,"訪問")+COUNTIFS(アクションログ!$A$5:$A$2004,">="&$A5,アクションログ!$A$5:$A$2004,"<"&EDATE($A5,1),アクションログ!$E$5:$E$2004,"オンライン面談")+COUNTIFS(アクションログ!$A$5:$A$2004,">="&$A5,アクションログ!$A$5:$A$2004,"<"&EDATE($A5,1),アクションログ!$E$5:$E$2004,"勉強会・セミナー")+COUNTIFS(アクションログ!$A$5:$A$2004,">="&$A5,アクションログ!$A$5:$A$2004,"<"&EDATE($A5,1),アクションログ!$E$5:$E$2004,"会食") -> 0 | G5: =SUMIFS(月次実績!$D$5:$D$3004,月次実績!$A$5:$A$3004,$A5) -> 0 | H5: =SUMIFS(月次実績!$E$5:$E$3004,月次実績!$A$5:$A$3004,$A5) -> 0 | I5: =SUMIFS(月次実績!$F$5:$F$3004,月次実績!$A$5:$A$3004,$A5) -> 0 | J5: =SUMIFS(月次実績!$G$5:$G$3004,月次実績!$A$5:$A$3004,$A5) -> 0 | K5: =SUMIFS(月次実績!$H$5:$H$3004,月次実績!$A$5:$A$3004,$A5) -> 0
A6: =EDATE(設定!$C$9,1) -> 46143 | B6: =COUNTIFS(代理店一覧!$G$5:$G$204,"<"&EDATE($A6,1)) -> 2 | C6: =COUNTIFS(月次実績!$A$5:$A$3004,$A6,月次実績!$D$5:$D$3004,">0") -> 0 | D6: =IF(B6=0,"",C6/B6) -> 0 | E6: =COUNTIFS(アクションログ!$A$5:$A$2004,">="&$A6,アクションログ!$A$5:$A$2004,"<"&EDATE($A6,1)) -> 0 | F6: =COUNTIFS(アクションログ!$A$5:$A$2004,">="&$A6,アクションログ!$A$5:$A$2004,"<"&EDATE($A6,1),アクションログ!$E$5:$E$2004,"訪問")+COUNTIFS(アクションログ!$A$5:$A$2004,">="&$A6,アクションログ!$A$5:$A$2004,"<"&EDATE($A6,1),アクションログ!$E$5:$E$2004,"オンライン面談")+COUNTIFS(アクションログ!$A$5:$A$2004,">="&$A6,アクションログ!$A$5:$A$2004,"<"&EDATE($A6,1),アクションログ!$E$5:$E$2004,"勉強会・セミナー")+COUNTIFS(アクションログ!$A$5:$A$2004,">="&$A6,アクションログ!$A$5:$A$2004,"<"&EDATE($A6,1),アクションログ!$E$5:$E$2004,"会食") -> 0 | G6: =SUMIFS(月次実績!$D$5:$D$3004,月次実績!$A$5:$A$3004,$A6) -> 0 | H6: =SUMIFS(月次実績!$E$5:$E$3004,月次実績!$A$5:$A$3004,$A6) -> 0 | I6: =SUMIFS(月次実績!$F$5:$F$3004,月次実績!$A$5:$A$3004,$A6) -> 0 | J6: =SUMIFS(月次実績!$G$5:$G$3004,月次実績!$A$5:$A$3004,$A6) -> 0 | K6: =SUMIFS(月次実績!$H$5:$H$3004,月次実績!$A$5:$A$3004,$A6) -> 0
A7: =EDATE(設定!$C$9,2) -> 46174 | B7: =COUNTIFS(代理店一覧!$G$5:$G$204,"<"&EDATE($A7,1)) -> 3 | C7: =COUNTIFS(月次実績!$A$5:$A$3004,$A7,月次実績!$D$5:$D$3004,">0") -> 0 | D7: =IF(B7=0,"",C7/B7) -> 0 | E7: =COUNTIFS(アクションログ!$A$5:$A$2004,">="&$A7,アクションログ!$A$5:$A$2004,"<"&EDATE($A7,1)) -> 0 | F7: =COUNTIFS(アクションログ!$A$5:$A$2004,">="&$A7,アクションログ!$A$5:$A$2004,"<"&EDATE($A7,1),アクションログ!$E$5:$E$2004,"訪問")+COUNTIFS(アクションログ!$A$5:$A$2004,">="&$A7,アクションログ!$A$5:$A$2004,"<"&EDATE($A7,1),アクションログ!$E$5:$E$2004,"オンライン面談")+COUNTIFS(アクションログ!$A$5:$A$2004,">="&$A7,アクションログ!$A$5:$A$2004,"<"&EDATE($A7,1),アクションログ!$E$5:$E$2004,"勉強会・セミナー")+COUNTIFS(アクションログ!$A$5:$A$2004,">="&$A7,アクションログ!$A$5:$A$2004,"<"&EDATE($A7,1),アクションログ!$E$5:$E$2004,"会食") -> 0 | G7: =SUMIFS(月次実績!$D$5:$D$3004,月次実績!$A$5:$A$3004,$A7) -> 0 | H7: =SUMIFS(月次実績!$E$5:$E$3004,月次実績!$A$5:$A$3004,$A7) -> 0 | I7: =SUMIFS(月次実績!$F$5:$F$3004,月次実績!$A$5:$A$3004,$A7) -> 0 | J7: =SUMIFS(月次実績!$G$5:$G$3004,月次実績!$A$5:$A$3004,$A7) -> 0 | K7: =SUMIFS(月次実績!$H$5:$H$3004,月次実績!$A$5:$A$3004,$A7) -> 0
A8: =EDATE(設定!$C$9,3) -> 46204 | B8: =COUNTIFS(代理店一覧!$G$5:$G$204,"<"&EDATE($A8,1)) -> 3 | C8: =COUNTIFS(月次実績!$A$5:$A$3004,$A8,月次実績!$D$5:$D$3004,">0") -> 1 | D8: =IF(B8=0,"",C8/B8) -> 0.33333333 | E8: =COUNTIFS(アクションログ!$A$5:$A$2004,">="&$A8,アクションログ!$A$5:$A$2004,"<"&EDATE($A8,1)) -> 1 | F8: =COUNTIFS(アクションログ!$A$5:$A$2004,">="&$A8,アクションログ!$A$5:$A$2004,"<"&EDATE($A8,1),アクションログ!$E$5:$E$2004,"訪問")+COUNTIFS(アクションログ!$A$5:$A$2004,">="&$A8,アクションログ!$A$5:$A$2004,"<"&EDATE($A8,1),アクションログ!$E$5:$E$2004,"オンライン面談")+COUNTIFS(アクションログ!$A$5:$A$2004,">="&$A8,アクションログ!$A$5:$A$2004,"<"&EDATE($A8,1),アクションログ!$E$5:$E$2004,"勉強会・セミナー")+COUNTIFS(アクションログ!$A$5:$A$2004,">="&$A8,アクションログ!$A$5:$A$2004,"<"&EDATE($A8,1),アクションログ!$E$5:$E$2004,"会食") -> 1 | G8: =SUMIFS(月次実績!$D$5:$D$3004,月次実績!$A$5:$A$3004,$A8) -> 3 | H8: =SUMIFS(月次実績!$E$5:$E$3004,月次実績!$A$5:$A$3004,$A8) -> 2 | I8: =SUMIFS(月次実績!$F$5:$F$3004,月次実績!$A$5:$A$3004,$A8) -> 1 | J8: =SUMIFS(月次実績!$G$5:$G$3004,月次実績!$A$5:$A$3004,$A8) -> 600000 | K8: =SUMIFS(月次実績!$H$5:$H$3004,月次実績!$A$5:$A$3004,$A8) -> 60000
A9: =EDATE(設定!$C$9,4) -> 46235 | B9: =COUNTIFS(代理店一覧!$G$5:$G$204,"<"&EDATE($A9,1)) -> 3 | C9: =COUNTIFS(月次実績!$A$5:$A$3004,$A9,月次実績!$D$5:$D$3004,">0") -> 2 | D9: =IF(B9=0,"",C9/B9) -> 0.66666667 | E9: =COUNTIFS(アクションログ!$A$5:$A$2004,">="&$A9,アクションログ!$A$5:$A$2004,"<"&EDATE($A9,1)) -> 0 | F9: =COUNTIFS(アクションログ!$A$5:$A$2004,">="&$A9,アクションログ!$A$5:$A$2004,"<"&EDATE($A9,1),アクションログ!$E$5:$E$2004,"訪問")+COUNTIFS(アクションログ!$A$5:$A$2004,">="&$A9,アクションログ!$A$5:$A$2004,"<"&EDATE($A9,1),アクションログ!$E$5:$E$2004,"オンライン面談")+COUNTIFS(アクションログ!$A$5:$A$2004,">="&$A9,アクションログ!$A$5:$A$2004,"<"&EDATE($A9,1),アクションログ!$E$5:$E$2004,"勉強会・セミナー")+COUNTIFS(アクションログ!$A$5:$A$2004,">="&$A9,アクションログ!$A$5:$A$2004,"<"&EDATE($A9,1),アクションログ!$E$5:$E$2004,"会食") -> 0 | G9: =SUMIFS(月次実績!$D$5:$D$3004,月次実績!$A$5:$A$3004,$A9) -> 5 | H9: =SUMIFS(月次実績!$E$5:$E$3004,月次実績!$A$5:$A$3004,$A9) -> 4 | I9: =SUMIFS(月次実績!$F$5:$F$3004,月次実績!$A$5:$A$3004,$A9) -> 2 | J9: =SUMIFS(月次実績!$G$5:$G$3004,月次実績!$A$5:$A$3004,$A9) -> 1100000 | K9: =SUMIFS(月次実績!$H$5:$H$3004,月次実績!$A$5:$A$3004,$A9) -> 110000
A10: =EDATE(設定!$C$9,5) -> 46266 | B10: =COUNTIFS(代理店一覧!$G$5:$G$204,"<"&EDATE($A10,1)) -> 3 | C10: =COUNTIFS(月次実績!$A$5:$A$3004,$A10,月次実績!$D$5:$D$3004,">0") -> 2 | D10: =IF(B10=0,"",C10/B10) -> 0.66666667 | E10: =COUNTIFS(アクションログ!$A$5:$A$2004,">="&$A10,アクションログ!$A$5:$A$2004,"<"&EDATE($A10,1)) -> 4 | F10: =COUNTIFS(アクションログ!$A$5:$A$2004,">="&$A10,アクションログ!$A$5:$A$2004,"<"&EDATE($A10,1),アクションログ!$E$5:$E$2004,"訪問")+COUNTIFS(アクションログ!$A$5:$A$2004,">="&$A10,アクションログ!$A$5:$A$2004,"<"&EDATE($A10,1),アクションログ!$E$5:$E$2004,"オンライン面談")+COUNTIFS(アクションログ!$A$5:$A$2004,">="&$A10,アクションログ!$A$5:$A$2004,"<"&EDATE($A10,1),アクションログ!$E$5:$E$2004,"勉強会・セミナー")+COUNTIFS(アクションログ!$A$5:$A$2004,">="&$A10,アクションログ!$A$5:$A$2004,"<"&EDATE($A10,1),アクションログ!$E$5:$E$2004,"会食") -> 2 | G10: =SUMIFS(月次実績!$D$5:$D$3004,月次実績!$A$5:$A$3004,$A10) -> 3 | H10: =SUMIFS(月次実績!$E$5:$E$3004,月次実績!$A$5:$A$3004,$A10) -> 1 | I10: =SUMIFS(月次実績!$F$5:$F$3004,月次実績!$A$5:$A$3004,$A10) -> 0 | J10: =SUMIFS(月次実績!$G$5:$G$3004,月次実績!$A$5:$A$3004,$A10) -> 0 | K10: =SUMIFS(月次実績!$H$5:$H$3004,月次実績!$A$5:$A$3004,$A10) -> 0
A11: =EDATE(設定!$C$9,6) -> 46296 | B11: =COUNTIFS(代理店一覧!$G$5:$G$204,"<"&EDATE($A11,1)) -> 3 | C11: =COUNTIFS(月次実績!$A$5:$A$3004,$A11,月次実績!$D$5:$D$3004,">0") -> 0 | D11: =IF(B11=0,"",C11/B11) -> 0 | E11: =COUNTIFS(アクションログ!$A$5:$A$2004,">="&$A11,アクションログ!$A$5:$A$2004,"<"&EDATE($A11,1)) -> 0 | F11: =COUNTIFS(アクションログ!$A$5:$A$2004,">="&$A11,アクションログ!$A$5:$A$2004,"<"&EDATE($A11,1),アクションログ!$E$5:$E$2004,"訪問")+COUNTIFS(アクションログ!$A$5:$A$2004,">="&$A11,アクションログ!$A$5:$A$2004,"<"&EDATE($A11,1),アクションログ!$E$5:$E$2004,"オンライン面談")+COUNTIFS(アクションログ!$A$5:$A$2004,">="&$A11,アクションログ!$A$5:$A$2004,"<"&EDATE($A11,1),アクションログ!$E$5:$E$2004,"勉強会・セミナー")+COUNTIFS(アクションログ!$A$5:$A$2004,">="&$A11,アクションログ!$A$5:$A$2004,"<"&EDATE($A11,1),アクションログ!$E$5:$E$2004,"会食") -> 0 | G11: =SUMIFS(月次実績!$D$5:$D$3004,月次実績!$A$5:$A$3004,$A11) -> 0 | H11: =SUMIFS(月次実績!$E$5:$E$3004,月次実績!$A$5:$A$3004,$A11) -> 0 | I11: =SUMIFS(月次実績!$F$5:$F$3004,月次実績!$A$5:$A$3004,$A11) -> 0 | J11: =SUMIFS(月次実績!$G$5:$G$3004,月次実績!$A$5:$A$3004,$A11) -> 0 | K11: =SUMIFS(月次実績!$H$5:$H$3004,月次実績!$A$5:$A$3004,$A11) -> 0
A12: =EDATE(設定!$C$9,7) -> 46327 | B12: =COUNTIFS(代理店一覧!$G$5:$G$204,"<"&EDATE($A12,1)) -> 3 | C12: =COUNTIFS(月次実績!$A$5:$A$3004,$A12,月次実績!$D$5:$D$3004,">0") -> 0 | D12: =IF(B12=0,"",C12/B12) -> 0 | E12: =COUNTIFS(アクションログ!$A$5:$A$2004,">="&$A12,アクションログ!$A$5:$A$2004,"<"&EDATE($A12,1)) -> 0 | F12: =COUNTIFS(アクションログ!$A$5:$A$2004,">="&$A12,アクションログ!$A$5:$A$2004,"<"&EDATE($A12,1),アクションログ!$E$5:$E$2004,"訪問")+COUNTIFS(アクションログ!$A$5:$A$2004,">="&$A12,アクションログ!$A$5:$A$2004,"<"&EDATE($A12,1),アクションログ!$E$5:$E$2004,"オンライン面談")+COUNTIFS(アクションログ!$A$5:$A$2004,">="&$A12,アクションログ!$A$5:$A$2004,"<"&EDATE($A12,1),アクションログ!$E$5:$E$2004,"勉強会・セミナー")+COUNTIFS(アクションログ!$A$5:$A$2004,">="&$A12,アクションログ!$A$5:$A$2004,"<"&EDATE($A12,1),アクションログ!$E$5:$E$2004,"会食") -> 0 | G12: =SUMIFS(月次実績!$D$5:$D$3004,月次実績!$A$5:$A$3004,$A12) -> 0 | H12: =SUMIFS(月次実績!$E$5:$E$3004,月次実績!$A$5:$A$3004,$A12) -> 0 | I12: =SUMIFS(月次実績!$F$5:$F$3004,月次実績!$A$5:$A$3004,$A12) -> 0 | J12: =SUMIFS(月次実績!$G$5:$G$3004,月次実績!$A$5:$A$3004,$A12) -> 0 | K12: =SUMIFS(月次実績!$H$5:$H$3004,月次実績!$A$5:$A$3004,$A12) -> 0
A13: =EDATE(設定!$C$9,8) -> 46357 | B13: =COUNTIFS(代理店一覧!$G$5:$G$204,"<"&EDATE($A13,1)) -> 3 | C13: =COUNTIFS(月次実績!$A$5:$A$3004,$A13,月次実績!$D$5:$D$3004,">0") -> 0 | D13: =IF(B13=0,"",C13/B13) -> 0 | E13: =COUNTIFS(アクションログ!$A$5:$A$2004,">="&$A13,アクションログ!$A$5:$A$2004,"<"&EDATE($A13,1)) -> 0 | F13: =COUNTIFS(アクションログ!$A$5:$A$2004,">="&$A13,アクションログ!$A$5:$A$2004,"<"&EDATE($A13,1),アクションログ!$E$5:$E$2004,"訪問")+COUNTIFS(アクションログ!$A$5:$A$2004,">="&$A13,アクションログ!$A$5:$A$2004,"<"&EDATE($A13,1),アクションログ!$E$5:$E$2004,"オンライン面談")+COUNTIFS(アクションログ!$A$5:$A$2004,">="&$A13,アクションログ!$A$5:$A$2004,"<"&EDATE($A13,1),アクションログ!$E$5:$E$2004,"勉強会・セミナー")+COUNTIFS(アクションログ!$A$5:$A$2004,">="&$A13,アクションログ!$A$5:$A$2004,"<"&EDATE($A13,1),アクションログ!$E$5:$E$2004,"会食") -> 0 | G13: =SUMIFS(月次実績!$D$5:$D$3004,月次実績!$A$5:$A$3004,$A13) -> 0 | H13: =SUMIFS(月次実績!$E$5:$E$3004,月次実績!$A$5:$A$3004,$A13) -> 0 | I13: =SUMIFS(月次実績!$F$5:$F$3004,月次実績!$A$5:$A$3004,$A13) -> 0 | J13: =SUMIFS(月次実績!$G$5:$G$3004,月次実績!$A$5:$A$3004,$A13) -> 0 | K13: =SUMIFS(月次実績!$H$5:$H$3004,月次実績!$A$5:$A$3004,$A13) -> 0
A14: =EDATE(設定!$C$9,9) -> 46388 | B14: =COUNTIFS(代理店一覧!$G$5:$G$204,"<"&EDATE($A14,1)) -> 3 | C14: =COUNTIFS(月次実績!$A$5:$A$3004,$A14,月次実績!$D$5:$D$3004,">0") -> 0 | D14: =IF(B14=0,"",C14/B14) -> 0 | E14: =COUNTIFS(アクションログ!$A$5:$A$2004,">="&$A14,アクションログ!$A$5:$A$2004,"<"&EDATE($A14,1)) -> 0 | F14: =COUNTIFS(アクションログ!$A$5:$A$2004,">="&$A14,アクションログ!$A$5:$A$2004,"<"&EDATE($A14,1),アクションログ!$E$5:$E$2004,"訪問")+COUNTIFS(アクションログ!$A$5:$A$2004,">="&$A14,アクションログ!$A$5:$A$2004,"<"&EDATE($A14,1),アクションログ!$E$5:$E$2004,"オンライン面談")+COUNTIFS(アクションログ!$A$5:$A$2004,">="&$A14,アクションログ!$A$5:$A$2004,"<"&EDATE($A14,1),アクションログ!$E$5:$E$2004,"勉強会・セミナー")+COUNTIFS(アクションログ!$A$5:$A$2004,">="&$A14,アクションログ!$A$5:$A$2004,"<"&EDATE($A14,1),アクションログ!$E$5:$E$2004,"会食") -> 0 | G14: =SUMIFS(月次実績!$D$5:$D$3004,月次実績!$A$5:$A$3004,$A14) -> 0 | H14: =SUMIFS(月次実績!$E$5:$E$3004,月次実績!$A$5:$A$3004,$A14) -> 0 | I14: =SUMIFS(月次実績!$F$5:$F$3004,月次実績!$A$5:$A$3004,$A14) -> 0 | J14: =SUMIFS(月次実績!$G$5:$G$3004,月次実績!$A$5:$A$3004,$A14) -> 0 | K14: =SUMIFS(月次実績!$H$5:$H$3004,月次実績!$A$5:$A$3004,$A14) -> 0
A15: =EDATE(設定!$C$9,10) -> 46419 | B15: =COUNTIFS(代理店一覧!$G$5:$G$204,"<"&EDATE($A15,1)) -> 3 | C15: =COUNTIFS(月次実績!$A$5:$A$3004,$A15,月次実績!$D$5:$D$3004,">0") -> 0 | D15: =IF(B15=0,"",C15/B15) -> 0 | E15: =COUNTIFS(アクションログ!$A$5:$A$2004,">="&$A15,アクションログ!$A$5:$A$2004,"<"&EDATE($A15,1)) -> 0 | F15: =COUNTIFS(アクションログ!$A$5:$A$2004,">="&$A15,アクションログ!$A$5:$A$2004,"<"&EDATE($A15,1),アクションログ!$E$5:$E$2004,"訪問")+COUNTIFS(アクションログ!$A$5:$A$2004,">="&$A15,アクションログ!$A$5:$A$2004,"<"&EDATE($A15,1),アクションログ!$E$5:$E$2004,"オンライン面談")+COUNTIFS(アクションログ!$A$5:$A$2004,">="&$A15,アクションログ!$A$5:$A$2004,"<"&EDATE($A15,1),アクションログ!$E$5:$E$2004,"勉強会・セミナー")+COUNTIFS(アクションログ!$A$5:$A$2004,">="&$A15,アクションログ!$A$5:$A$2004,"<"&EDATE($A15,1),アクションログ!$E$5:$E$2004,"会食") -> 0 | G15: =SUMIFS(月次実績!$D$5:$D$3004,月次実績!$A$5:$A$3004,$A15) -> 0 | H15: =SUMIFS(月次実績!$E$5:$E$3004,月次実績!$A$5:$A$3004,$A15) -> 0 | I15: =SUMIFS(月次実績!$F$5:$F$3004,月次実績!$A$5:$A$3004,$A15) -> 0 | J15: =SUMIFS(月次実績!$G$5:$G$3004,月次実績!$A$5:$A$3004,$A15) -> 0 | K15: =SUMIFS(月次実績!$H$5:$H$3004,月次実績!$A$5:$A$3004,$A15) -> 0
A16: =EDATE(設定!$C$9,11) -> 46447 | B16: =COUNTIFS(代理店一覧!$G$5:$G$204,"<"&EDATE($A16,1)) -> 3 | C16: =COUNTIFS(月次実績!$A$5:$A$3004,$A16,月次実績!$D$5:$D$3004,">0") -> 0 | D16: =IF(B16=0,"",C16/B16) -> 0 | E16: =COUNTIFS(アクションログ!$A$5:$A$2004,">="&$A16,アクションログ!$A$5:$A$2004,"<"&EDATE($A16,1)) -> 0 | F16: =COUNTIFS(アクションログ!$A$5:$A$2004,">="&$A16,アクションログ!$A$5:$A$2004,"<"&EDATE($A16,1),アクションログ!$E$5:$E$2004,"訪問")+COUNTIFS(アクションログ!$A$5:$A$2004,">="&$A16,アクションログ!$A$5:$A$2004,"<"&EDATE($A16,1),アクションログ!$E$5:$E$2004,"オンライン面談")+COUNTIFS(アクションログ!$A$5:$A$2004,">="&$A16,アクションログ!$A$5:$A$2004,"<"&EDATE($A16,1),アクションログ!$E$5:$E$2004,"勉強会・セミナー")+COUNTIFS(アクションログ!$A$5:$A$2004,">="&$A16,アクションログ!$A$5:$A$2004,"<"&EDATE($A16,1),アクションログ!$E$5:$E$2004,"会食") -> 0 | G16: =SUMIFS(月次実績!$D$5:$D$3004,月次実績!$A$5:$A$3004,$A16) -> 0 | H16: =SUMIFS(月次実績!$E$5:$E$3004,月次実績!$A$5:$A$3004,$A16) -> 0 | I16: =SUMIFS(月次実績!$F$5:$F$3004,月次実績!$A$5:$A$3004,$A16) -> 0 | J16: =SUMIFS(月次実績!$G$5:$G$3004,月次実績!$A$5:$A$3004,$A16) -> 0 | K16: =SUMIFS(月次実績!$H$5:$H$3004,月次実績!$A$5:$A$3004,$A16) -> 0
A17: 年度合計 | B17: =B16 -> 3 | C17: =MAX(C5:C16) -> 2 | D17: =IF(B17=0,"",C17/B17) -> 0.66666667 | E17: =SUM(E5:E16) -> 5 | F17: =SUM(F5:F16) -> 3 | G17: =SUM(G5:G16) -> 11 | H17: =SUM(H5:H16) -> 7 | I17: =SUM(I5:I16) -> 3 | J17: =SUM(J5:J16) -> 1700000 | K17: =SUM(K5:K16) -> 170000
A18: ※ 年度合計の「登録代理店数」は年度末時点、「稼働代理店数」は月の最大値。

Sheet 定例アクション計画
A1: 定例アクション計画（代理店を動かし続けるための接点づくり）
A2: 当社で想定した運用例です。自社の商材・繁忙期に合わせて書き換えてください。
A4: タイミング | B4: 対象 | C4: アクション | D4: 狙い | E4: 主担当 | F4: 手段・ツール
A5: 毎週月曜 | B5: 全代理店 | C5: 『代理店一覧』を接触ステータスで絞り込み、期限超過・今週連絡の代理店に連絡 | D5: 連絡の抜け漏れをゼロにする | E5: 各担当 | F5: 本シート
A6: 毎週 | B6: Sランク | C6: 紹介予定・進捗の確認連絡（電話・チャット） | D6: 紹介の流れを止めない | E6: 各担当 | F6: 電話・LINE
A7: 紹介受領の当日中 | B7: 紹介元代理店 | C7: 紹介受領のお礼と今後の流れを連絡 | D7: 紹介して良かったと感じてもらう | E7: 各担当 | F7: 電話・チャット
A8: 初回面談から3営業日以内 | B8: 紹介元代理店 | C8: 面談結果・次のステップを報告 | D8: 代理店が顧客にフォローしやすくする | E8: 各担当 | F8: メール・チャット
A9: 成約時（24時間以内） | B9: 紹介元代理店 | C9: 成約報告と報酬見込みの連絡 | D9: 成功体験を共有し次の紹介につなげる | E9: 各担当 | F9: 電話
A10: 毎月初 | B10: 全代理店 | C10: 新商材・キャンペーン情報、紹介トークのポイントを配信 | D10: 紹介のきっかけを定期的に提供 | E10: マーケ担当 | F10: メール・チャット
A11: 毎月末 | B11: 全代理店 | C11: 代理店別の紹介・成約実績レポートを送付（『月次実績』を活用） | D11: 実績を見える化して関係を深める | E11: 各担当 | F11: メール
A12: 毎月末 | B12: Cランク・休眠 | C12: 再活性化の個別提案（勉強会招待、同行営業の提案など） | D12: 休眠代理店を掘り起こす | E12: 各担当 | F12: 電話・訪問
A13: 四半期ごと | B13: 全代理店 | C13: 代理店向け勉強会（税制改正・商材説明・成功事例共有） | D13: 知識を更新し、紹介しやすい状態をつくる | E13: 責任者 | F13: セミナー・オンライン
A14: 半期ごと | B14: S・Aランク | C14: ランク見直しと個別面談（目標のすり合わせ・インセンティブ案内） | D14: 重点代理店のモチベーション維持 | E14: 責任者 | F14: 訪問・オンライン
A15: 顧客の決算期が集中する時期の前 | B15: 全代理店 | C15: 節税・決算対策の提案キャンペーンを案内 | D15: 繁忙期前に紹介を集中させる | E15: マーケ担当 | F15: メール・勉強会
A16: 契約直後の1ヶ月 | B16: 新規代理店 | C16: 立上げ面談（商材説明・紹介フロー説明・紹介したい顧客像の洗い出し） | D16: 最初の1件目の紹介を早く出す | E16: 各担当 | F16: 訪問・オンライン

Sheet 設定
A1: 設定・マスタ
A2: 黄色セルを自社の運用に合わせて変更してください。他シートの判定・入力リストはここを参照します。
B4: 基準日 | C4: =TODAY() -> 46291 | D4: 自動（今日の日付）
B5: 今月初日 | C5: =DATE(YEAR(C4),MONTH(C4),1) -> 46266 | D5: 自動
B6: 稼働判定の対象期間（ヶ月） | C6: 3 | D6: 直近何ヶ月の紹介数で稼働判定するか
B7: 「稼働中」とみなす紹介数 | C7: 3 | D7: 対象期間内の紹介リード数がこの数以上 → 稼働中／1以上 → 低稼働／0 → 休眠
B8: 連絡期限アラート（日前） | C8: 3 | D8: 次回接触期限のこの日数前から「今週連絡」と表示
B9: 年度開始月（月次サマリー用） | C9: 46113 | D9: 月次サマリーの1行目の月
B12: 代理店ランク定義（接触頻度の基準） | G12: 入力リスト（プルダウンの選択肢）
B13: ランク | C13: 定義の目安 | D13: 接触頻度（日） | E13: 推奨アクション | G13: 自社担当 | H13: 接触手段 | I13: 接触目的 | J13: 温度感 | K13: 完了
B14: S | C14: 毎月3件以上紹介／重点パートナー | D14: 7 | E14: 週1回の連絡＋月1回の訪問・オンライン面談 | G14: 担当者A | H14: 電話 | I14: 定期フォロー | J14: ◎ 非常に前向き | K14: 未
B15: A | C15: 毎月1〜2件紹介 | D15: 14 | E15: 隔週の電話・オンライン、新商材の個別説明 | G15: 担当者B | H15: 訪問 | I15: 新商材・キャンペーン案内 | J15: ○ 前向き | K15: 済
B16: B | C16: 四半期に1件程度紹介 | D16: 30 | E16: 月1回の定期フォロー、事例共有 | G16: 担当者C | H16: オンライン面談 | I16: 紹介案件の進捗報告 | J16: △ 様子見
B17: C | C17: 休眠・契約直後の立上げ期 | D17: 30 | E17: 月1回の情報提供＋再活性化の提案（勉強会招待など） | H17: メール | I17: 成約報告・お礼 | J17: × 消極的
H18: LINE/チャット | I18: 課題・要望ヒアリング
B19: ※ 接触頻度の日数は運用開始時の目安です（当社想定値）。実態に合わせて調整してください。 | H19: 勉強会・セミナー | I19: 勉強会・研修
H20: 会食 | I20: 報酬・インセンティブ案内
I21: 契約・条件見直し
G25: ※ 空欄に追記すると各シートのプルダウンに反映されます（各10件まで）。
